city,weather,image
Accra,Passing clouds. Warm.,https://c.tadst.com/gfx/w/svg/wt-14.svg
Addis Ababa,Passing clouds. Cool.,https://c.tadst.com/gfx/w/svg/wt-2.svg
Adelaide,Cool.,https://c.tadst.com/gfx/w/svg/wt-2.svg
Algiers,Passing clouds. Mild.,https://c.tadst.com/gfx/w/svg/wt-14.svg
Almaty,Broken clouds. Pleasantly warm.,https://c.tadst.com/gfx/w/svg/wt-6.svg
Amman,Clear. Mild.,https://c.tadst.com/gfx/w/svg/wt-1.svg
Amsterdam,Sprinkles. Passing clouds. Cool.,https://c.tadst.com/gfx/w/svg/wt-18.svg
Anadyr,Overcast. Chilly.,https://c.tadst.com/gfx/w/svg/wt-7.svg
Anchorage,Sunny. Mild.,https://c.tadst.com/gfx/w/svg/wt-1.svg
Ankara,Broken clouds. Cool.,https://c.tadst.com/gfx/w/svg/wt-6.svg
Antananarivo,Passing clouds. Quite cool.,https://c.tadst.com/gfx/w/svg/wt-2.svg
Asuncion,Partly cloudy. Mild.,https://c.tadst.com/gfx/w/svg/wt-15.svg
Athens,Mild.,https://c.tadst.com/gfx/w/svg/wt-1.svg
Atlanta,Passing clouds. Mild.,https://c.tadst.com/gfx/w/svg/wt-14.svg
Auckland,Clear. Cool.,https://c.tadst.com/gfx/w/svg/wt-1.svg
Baghdad,Sunny. Pleasantly warm.,https://c.tadst.com/gfx/w/svg/wt-1.svg
Bangkok,Scattered clouds. Hot.,https://c.tadst.com/gfx/w/svg/wt-2.svg
Barcelona,Passing clouds. Mild.,https://c.tadst.com/gfx/w/svg/wt-14.svg
Beijing,Mild.,https://c.tadst.com/gfx/w/svg/wt-1.svg
Belgrade,Sunny. Cool.,https://c.tadst.com/gfx/w/svg/wt-1.svg
Bengaluru,Broken clouds. Mild.,https://c.tadst.com/gfx/w/svg/wt-6.svg
Berlin,Sunny. Cool.,https://c.tadst.com/gfx/w/svg/wt-1.svg
Bogota,Passing clouds. Cool.,https://c.tadst.com/gfx/w/svg/wt-14.svg
Boston,Passing clouds. Mild.,https://c.tadst.com/gfx/w/svg/wt-14.svg
Brasilia,Clear. Mild.,https://c.tadst.com/gfx/w/svg/wt-13.svg
Brisbane,Cool.,https://c.tadst.com/gfx/w/svg/wt-33.svg
Brussels,Passing clouds. Cool.,https://c.tadst.com/gfx/w/svg/wt-2.svg
Bucharest,Fog. Mild.,https://c.tadst.com/gfx/w/svg/wt-9.svg
Budapest,Sunny. Mild.,https://c.tadst.com/gfx/w/svg/wt-1.svg
Buenos Aires,Partly cloudy. Cool.,https://c.tadst.com/gfx/w/svg/wt-15.svg
Cairo,Clear. Mild.,https://c.tadst.com/gfx/w/svg/wt-1.svg
Calgary,Scattered showers. Broken clouds. Refreshingly cool.,https://c.tadst.com/gfx/w/svg/wt-34.svg
Canberra,Rain showers. Broken clouds. Cool.,https://c.tadst.com/gfx/w/svg/wt-33.svg
Cape Town,Fog. Cool.,https://c.tadst.com/gfx/w/svg/wt-14.svg
Caracas,Passing clouds. Warm.,https://c.tadst.com/gfx/w/svg/wt-14.svg
Casablanca,Mild.,https://c.tadst.com/gfx/w/svg/wt-13.svg
Chicago,Passing clouds. Warm.,https://c.tadst.com/gfx/w/svg/wt-14.svg
Copenhagen,Partly sunny. Cool.,https://c.tadst.com/gfx/w/svg/wt-6.svg
Dallas,Passing clouds. Warm.,https://c.tadst.com/gfx/w/svg/wt-14.svg
Dar es Salaam,Passing clouds. Mild.,https://c.tadst.com/gfx/w/svg/wt-2.svg
Darwin,Sunny. Warm.,https://c.tadst.com/gfx/w/svg/wt-1.svg
Denver,Passing clouds. Mild.,https://c.tadst.com/gfx/w/svg/wt-14.svg
Detroit,Clear. Mild.,https://c.tadst.com/gfx/w/svg/wt-13.svg
Dhaka,Low clouds. Warm.,https://c.tadst.com/gfx/w/svg/wt-7.svg
Doha,Sunny. Extremely hot.,https://c.tadst.com/gfx/w/svg/wt-1.svg
Dubai,Passing clouds. Warm.,https://c.tadst.com/gfx/w/svg/wt-2.svg
Dublin,Passing clouds. Cool.,https://c.tadst.com/gfx/w/svg/wt-2.svg
Edmonton,Sprinkles. Partly sunny. Cool.,https://c.tadst.com/gfx/w/svg/wt-18.svg
Frankfurt,Sunny. Cool.,https://c.tadst.com/gfx/w/svg/wt-1.svg
Guatemala City,Thunderstorms. Partly cloudy. Mild.,https://c.tadst.com/gfx/w/svg/wt-22.svg
Halifax,Passing clouds. Cool.,https://c.tadst.com/gfx/w/svg/wt-14.svg
Hanoi,Passing clouds. Warm.,https://c.tadst.com/gfx/w/svg/wt-2.svg
Harare,Clear. Cool.,https://c.tadst.com/gfx/w/svg/wt-13.svg
Havana,Passing clouds. Warm.,https://c.tadst.com/gfx/w/svg/wt-14.svg
Helsinki,Partly sunny. Cool.,https://c.tadst.com/gfx/w/svg/wt-6.svg
Hong Kong,Passing clouds. Warm.,https://c.tadst.com/gfx/w/svg/wt-2.svg
Honolulu,Passing clouds. Warm.,https://c.tadst.com/gfx/w/svg/wt-2.svg
Houston,Passing clouds. Warm.,https://c.tadst.com/gfx/w/svg/wt-14.svg
Indianapolis,Partly sunny. Warm.,https://c.tadst.com/gfx/w/svg/wt-17.svg
Islamabad,Sunny. Hot.,https://c.tadst.com/gfx/w/svg/wt-1.svg
Istanbul,Passing clouds. Mild.,https://c.tadst.com/gfx/w/svg/wt-2.svg
Jakarta,Scattered clouds. Hot.,https://c.tadst.com/gfx/w/svg/wt-2.svg
Jerusalem,Cool.,https://c.tadst.com/gfx/w/svg/wt-1.svg
Johannesburg,Clear. Quite cool.,https://c.tadst.com/gfx/w/svg/wt-13.svg
Karachi,Partly sunny. Hot.,https://c.tadst.com/gfx/w/svg/wt-6.svg
Kathmandu,Broken clouds. Mild.,https://c.tadst.com/gfx/w/svg/wt-6.svg
Kingston,Warm.,https://c.tadst.com/gfx/w/svg/wt-17.svg
Kinshasa,Clear. Mild.,https://c.tadst.com/gfx/w/svg/wt-13.svg
Kiritimati,Passing clouds. Warm.,https://c.tadst.com/gfx/w/svg/wt-2.svg
Kolkata,Broken clouds. Hot.,https://c.tadst.com/gfx/w/svg/wt-6.svg
Kuala Lumpur,Passing clouds. Warm.,https://c.tadst.com/gfx/w/svg/wt-2.svg
Kuwait City,Sunny. Pleasantly warm.,https://c.tadst.com/gfx/w/svg/wt-1.svg
Kyiv,Sunny. Cool.,https://c.tadst.com/gfx/w/svg/wt-1.svg
La Paz,Overcast. Chilly.,https://c.tadst.com/gfx/w/svg/wt-17.svg
Lagos,Passing clouds. Warm.,https://c.tadst.com/gfx/w/svg/wt-14.svg
Lahore,Clear. Extremely hot.,https://c.tadst.com/gfx/w/svg/wt-1.svg
Las Vegas,Clear. Extremely hot.,https://c.tadst.com/gfx/w/svg/wt-13.svg
Lima,Passing clouds. Mild.,https://c.tadst.com/gfx/w/svg/wt-14.svg
Lisbon,Passing clouds. Cool.,https://c.tadst.com/gfx/w/svg/wt-14.svg
London,Clear. Cool.,https://c.tadst.com/gfx/w/svg/wt-1.svg
Los Angeles,Sunny. Mild.,https://c.tadst.com/gfx/w/svg/wt-13.svg
Madrid,Clear. Mild.,https://c.tadst.com/gfx/w/svg/wt-13.svg
Managua,Passing clouds. Warm.,https://c.tadst.com/gfx/w/svg/wt-14.svg
Manila,Partly sunny. Hot.,https://c.tadst.com/gfx/w/svg/wt-6.svg
Melbourne,Cloudy. Mild.,https://c.tadst.com/gfx/w/svg/wt-7.svg
Mexico City,Mostly cloudy. Mild.,https://c.tadst.com/gfx/w/svg/wt-17.svg
Miami,Passing clouds. Warm.,https://c.tadst.com/gfx/w/svg/wt-14.svg
Minneapolis,Passing clouds. Warm.,https://c.tadst.com/gfx/w/svg/wt-14.svg
Minsk,Sunny. Cool.,https://c.tadst.com/gfx/w/svg/wt-1.svg
Montevideo,Fog. Quite cool.,https://c.tadst.com/gfx/w/svg/wt-14.svg
Montréal,Passing clouds. Mild.,https://c.tadst.com/gfx/w/svg/wt-14.svg
Moscow,Sunny. Mild.,https://c.tadst.com/gfx/w/svg/wt-1.svg
Mumbai,Scattered clouds. Hot.,https://c.tadst.com/gfx/w/svg/wt-2.svg
Nairobi,Passing clouds. Cool.,https://c.tadst.com/gfx/w/svg/wt-2.svg
Nassau,Passing clouds. Warm.,https://c.tadst.com/gfx/w/svg/wt-14.svg
New Delhi,Sunny. Hot.,https://c.tadst.com/gfx/w/svg/wt-1.svg
New Orleans,Clear. Warm.,https://c.tadst.com/gfx/w/svg/wt-13.svg
New York,Clear. Mild.,https://c.tadst.com/gfx/w/svg/wt-13.svg
Oslo,Partly sunny. Cool.,https://c.tadst.com/gfx/w/svg/wt-6.svg
Ottawa,Passing clouds. Mild.,https://c.tadst.com/gfx/w/svg/wt-14.svg
Paris,Clear. Cool.,https://c.tadst.com/gfx/w/svg/wt-1.svg
Perth,Sunny. Refreshingly cool.,https://c.tadst.com/gfx/w/svg/wt-1.svg
Philadelphia,Partly cloudy. Mild.,https://c.tadst.com/gfx/w/svg/wt-15.svg
Phoenix,Clear. Extremely hot.,https://c.tadst.com/gfx/w/svg/wt-13.svg
Prague,Sunny. Cool.,https://c.tadst.com/gfx/w/svg/wt-1.svg
Reykjavik,Partly cloudy. Cool.,https://c.tadst.com/gfx/w/svg/wt-4.svg
Rio de Janeiro,Clear. Mild.,https://c.tadst.com/gfx/w/svg/wt-13.svg
Riyadh,Sunny. Pleasantly warm.,https://c.tadst.com/gfx/w/svg/wt-1.svg
Rome,Clear. Mild.,https://c.tadst.com/gfx/w/svg/wt-1.svg
Salt Lake City,Passing clouds. Mild.,https://c.tadst.com/gfx/w/svg/wt-15.svg
San Francisco,Passing clouds. Cool.,https://c.tadst.com/gfx/w/svg/wt-15.svg
San Juan,Passing clouds. Warm.,https://c.tadst.com/gfx/w/svg/wt-14.svg
San Salvador,Thunderstorms. Partly cloudy. Warm.,https://c.tadst.com/gfx/w/svg/wt-22.svg
Santiago,Overcast. Cool.,https://c.tadst.com/gfx/w/svg/wt-17.svg
Santo Domingo,Passing clouds. Warm.,https://c.tadst.com/gfx/w/svg/wt-14.svg
Seattle,Broken clouds. Cool.,https://c.tadst.com/gfx/w/svg/wt-6.svg
Seoul,Scattered clouds. Mild.,https://c.tadst.com/gfx/w/svg/wt-2.svg
Shanghai,Sunny. Pleasantly warm.,https://c.tadst.com/gfx/w/svg/wt-1.svg
Singapore,Partly sunny. Warm.,https://c.tadst.com/gfx/w/svg/wt-6.svg
Sofia,Scattered clouds. Cool.,https://c.tadst.com/gfx/w/svg/wt-2.svg
St. John's,Passing clouds. Quite cool.,https://c.tadst.com/gfx/w/svg/wt-14.svg
Stockholm,Clear. Cool.,https://c.tadst.com/gfx/w/svg/wt-1.svg
Suva,Scattered clouds. Warm.,https://c.tadst.com/gfx/w/svg/wt-2.svg
Sydney,Sunny. Mild.,https://c.tadst.com/gfx/w/svg/wt-1.svg
São Paulo,Clear. Cool.,https://c.tadst.com/gfx/w/svg/wt-13.svg
Taipei,Sprinkles. Broken clouds. Mild.,https://c.tadst.com/gfx/w/svg/wt-18.svg
Tallinn,Rain. Fog. Cool.,https://c.tadst.com/gfx/w/svg/wt-19.svg
Tashkent,Sunny. Mild.,https://c.tadst.com/gfx/w/svg/wt-1.svg
Tegucigalpa,Passing clouds. Mild.,https://c.tadst.com/gfx/w/svg/wt-14.svg
Tehran,Passing clouds. Pleasantly warm.,https://c.tadst.com/gfx/w/svg/wt-2.svg
Tokyo,Partly sunny. Mild.,https://c.tadst.com/gfx/w/svg/wt-6.svg
Toronto,Mostly cloudy. Mild.,https://c.tadst.com/gfx/w/svg/wt-17.svg
Vancouver,Partly sunny. Cool.,https://c.tadst.com/gfx/w/svg/wt-6.svg
Vienna,Sunny. Cool.,https://c.tadst.com/gfx/w/svg/wt-1.svg
Warsaw,Sunny. Cool.,https://c.tadst.com/gfx/w/svg/wt-1.svg
Washington DC,Passing clouds. Mild.,https://c.tadst.com/gfx/w/svg/wt-14.svg
Winnipeg,Mild.,https://c.tadst.com/gfx/w/svg/wt-22.svg
Yangon,Partly sunny. Warm.,https://c.tadst.com/gfx/w/svg/wt-6.svg
Zagreb,Overcast. Cool.,https://c.tadst.com/gfx/w/svg/wt-7.svg
Zürich,Light rain. Partly cloudy. Cool.,https://c.tadst.com/gfx/w/svg/wt-33.svg
